DATE,TIME PERIOD, Average nominal yields for total government debt securities with floating rates (GFS.M.N.AT.W0.S13.S1.N.L.LE.F3B.T._Z.RT._T.F.V.A1._T), Average nominal yields for total government debt securities with floating rates (GFS.M.N.BE.W0.S13.S1.N.L.LE.F3B.T._Z.RT._T.F.V.A1._T), Average nominal yields for total government debt securities with floating rates (GFS.M.N.BG.W0.S13.S1.N.L.LE.F3B.T._Z.RT._T.F.V.A1._T), Average nominal yields for total government debt securities with floating rates (GFS.M.N.CY.W0.S13.S1.N.L.LE.F3B.T._Z.RT._T.F.V.A1._T), Average nominal yields for total government debt securities with floating rates (GFS.M.N.CZ.W0.S13.S1.N.L.LE.F3B.T._Z.RT._T.F.V.A1._T), Average nominal yields for total government debt securities with floating rates (GFS.M.N.DE.W0.S13.S1.N.L.LE.F3B.T._Z.RT._T.F.V.A1._T), Average nominal yields for total government debt securities with floating rates (GFS.M.N.DK.W0.S13.S1.N.L.LE.F3B.T._Z.RT._T.F.V.A1._T), Average nominal yields for total government debt securities with floating rates (GFS.M.N.EE.W0.S13.S1.N.L.LE.F3B.T._Z.RT._T.F.V.A1._T), Average nominal yields for total government debt securities with floating rates (GFS.M.N.ES.W0.S13.S1.N.L.LE.F3B.T._Z.RT._T.F.V.A1._T), Average nominal yields for total government debt securities with floating rates (GFS.M.N.FI.W0.S13.S1.N.L.LE.F3B.T._Z.RT._T.F.V.A1._T), Average nominal yields for total government debt securities with floating rates (GFS.M.N.FR.W0.S13.S1.N.L.LE.F3B.T._Z.RT._T.F.V.A1._T), Average nominal yields for total government debt securities with floating rates (GFS.M.N.GR.W0.S13.S1.N.L.LE.F3B.T._Z.RT._T.F.V.A1._T), Average nominal yields for total government debt securities with floating rates (GFS.M.N.HR.W0.S13.S1.N.L.LE.F3B.T._Z.RT._T.F.V.A1._T), Average nominal yields for total government debt securities with floating rates (GFS.M.N.HU.W0.S13.S1.N.L.LE.F3B.T._Z.RT._T.F.V.A1._T), Average nominal yields for total government debt securities with floating rates (GFS.M.N.I8.W0.S13.S1.N.L.LE.F3B.T._Z.RT._T.F.V.A1._T), Average nominal yields for total government debt securities with floating rates (GFS.M.N.I9.W0.S13.S1.N.L.LE.F3B.T._Z.RT._T.F.V.A1._T), Average nominal yields for total government debt securities (GFS.M.N.I9.W0.S13.S1.N.L.LE.F3.T._Z.RT._T.F.V.A1._T), Average nominal yields for total government debt securities with floating rates (GFS.M.N.IE.W0.S13.S1.N.L.LE.F3B.T._Z.RT._T.F.V.A1._T), Average nominal yields for total government debt securities with floating rates (GFS.M.N.IT.W0.S13.S1.N.L.LE.F3B.T._Z.RT._T.F.V.A1._T), Average nominal yields for total government debt securities with floating rates (GFS.M.N.LT.W0.S13.S1.N.L.LE.F3B.T._Z.RT._T.F.V.A1._T), Average nominal yields for total government debt securities with floating rates (GFS.M.N.LU.W0.S13.S1.N.L.LE.F3B.T._Z.RT._T.F.V.A1._T), Average nominal yields for total government debt securities with floating rates (GFS.M.N.LV.W0.S13.S1.N.L.LE.F3B.T._Z.RT._T.F.V.A1._T), Average nominal yields for total government debt securities with floating rates (GFS.M.N.MT.W0.S13.S1.N.L.LE.F3B.T._Z.RT._T.F.V.A1._T), Average nominal yields for total government debt securities with floating rates (GFS.M.N.NL.W0.S13.S1.N.L.LE.F3B.T._Z.RT._T.F.V.A1._T), Average nominal yields for total government debt securities with floating rates (GFS.M.N.PL.W0.S13.S1.N.L.LE.F3B.T._Z.RT._T.F.V.A1._T), Average nominal yields for total government debt securities with floating rates (GFS.M.N.PT.W0.S13.S1.N.L.LE.F3B.T._Z.RT._T.F.V.A1._T), Average nominal yields for total government debt securities with floating rates (GFS.M.N.RO.W0.S13.S1.N.L.LE.F3B.T._Z.RT._T.F.V.A1._T), Average nominal yields for total government debt securities with floating rates (GFS.M.N.SE.W0.S13.S1.N.L.LE.F3B.T._Z.RT._T.F.V.A1._T), Average nominal yields for total government debt securities with floating rates (GFS.M.N.SI.W0.S13.S1.N.L.LE.F3B.T._Z.RT._T.F.V.A1._T), Average nominal yields for total government debt securities with floating rates (GFS.M.N.SK.W0.S13.S1.N.L.LE.F3B.T._Z.RT._T.F.V.A1._T)
2007-12-31,2007Dec,,,,,,,,,,,,,,,,,,,,,,,,,,,,,,
2008-01-31,2008Jan,,,,,,,,,,,,,,,,,,,,,,,,,,,,,,
2008-02-29,2008Feb,,,,,,,,,,,,,,,,,,,,,,,,,,,,,,
2008-03-31,2008Mar,,,,,,,,,,,,,,,,,,,,,,,,,,,,,,
2008-04-30,2008Apr,,,,,,,,,,,,,,,,,,,,,,,,,,,,,,
2008-05-31,2008May,,,,,,,,,,,,,,,,,,,,,,,,,,,,,,
2008-06-30,2008Jun,,,,,,,,,,,,,,,,,,,,,,,,,,,,,,
2008-07-31,2008Jul,,,,,,,,,,,,,,,,,,,,,,,,,,,,,,
2008-08-31,2008Aug,,,,,,,,,,,,,,,,,,,,,,,,,,,,,,
2008-09-30,2008Sep,,,,,,,,,,,,,,,,,,,,,,,,,,,,,,
2008-10-31,2008Oct,,,,,,,,,,,,,,,,,,,,,,,,,,,,,,
2008-11-30,2008Nov,,,,,,,,,,,,,,,,,,,,,,,,,,,,,,
2008-12-31,2008Dec,,,,,,,,,,,,,,,,,,,,,,,,,,,,,,
2009-01-31,2009Jan,,,,,,,,,,,,,,,,,,,,,,,,,,,,,,
2009-02-28,2009Feb,,,,,,,,,,,,,,,,,,,,,,,,,,,,,,
2009-03-31,2009Mar,,,,,,,,,,,,,,,,,,,,,,,,,,,,,,
2009-04-30,2009Apr,,,,,,,,,,,,,,,,,,,,,,,,,,,,,,
2009-05-31,2009May,,,,,,,,,,,,,,,,,,,,,,,,,,,,,,
2009-06-30,2009Jun,,,,,,,,,,,,,,,,,,,,,,,,,,,,,,
2009-07-31,2009Jul,,,,,,,,,,,,,,,,,,,,,,,,,,,,,,
2009-08-31,2009Aug,,,,,,,,,,,,,,,,,,,,,,,,,,,,,,
2009-09-30,2009Sep,,,,,,,,,,,,,,,,,,,,,,,,,,,,,,
2009-10-31,2009Oct,,,,,,,,,,,,,,,,,,,,,,,,,,,,,,
2009-11-30,2009Nov,,,,,,,,,,,,,,,,,,,,,,,,,,,,,,
2009-12-31,2009Dec,,,,,,,,,,,,,,,,,,,,,,,,,,,,,,
2010-01-31,2010Jan,,,,,,,,,,,,,,,,,,,,,,,,,,,,,,
2010-02-28,2010Feb,,,,,,,,,,,,,,,,,,,,,,,,,,,,,,
2010-03-31,2010Mar,,,,,,,,,,,,,,,,,,,,,,,,,,,,,,
2010-04-30,2010Apr,,,,,,,,,,,,,,,,,,,,,,,,,,,,,,
2010-05-31,2010May,,,,,,,,,,,,,,,,,,,,,,,,,,,,,,
2010-06-30,2010Jun,3.739,2.92,,,,3.363,,,2.271,,2.516,2.361,,4.545,1.884,2.647,4.9,,2.785,,,,,,2.966,,,,,
2010-07-31,2010Jul,3.983,2.92,,,,2.891,,,2.384,,2.717,2.247,,2.233,1.862,2.71,4.892,,2.783,,,,,,2.966,,,,,
2010-08-31,2010Aug,3.917,2.92,,,,2.918,,,2.384,,2.717,2.362,,2.151,1.814,2.732,4.884,,2.813,,,,,,2.966,,,,,
2010-09-30,2010Sep,3.964,2.92,,,,2.891,,,2.408,,2.657,2.361,,2.058,1.852,2.704,4.875,,2.802,,,,,,2.966,,,,,
2010-10-31,2010Oct,3.998,2.92,,,,2.845,,,2.519,,2.629,2.461,,2.051,1.833,2.707,4.863,,2.807,,,,,,2.966,,,,,
2010-11-30,2010Nov,4.33,2.92,,,,2.846,,,2.519,,2.599,2.486,,1.969,1.832,2.707,4.853,,2.815,,,,,,2.966,,,,,
2010-12-31,2010Dec,4.323,2.785,,,,2.904,,,2.75,,2.61,2.487,,1.944,1.838,2.721,4.856,,2.834,,,,,,2.966,,,,,
2011-01-31,2011Jan,4.332,2.785,,,,3.021,,,2.763,,2.613,2.487,,1.557,1.818,2.714,4.839,,2.804,,,,,,2.966,,,,,
2011-02-28,2011Feb,4.171,2.785,,,,3.025,,,2.763,,2.451,2.489,,2.195,1.784,2.654,4.827,,2.83,,,,,,2.966,,,,,
2011-03-31,2011Mar,4.155,2.354,,,,3.108,,,2.807,,2.419,2.487,,2.86,1.884,2.638,4.821,,2.827,,,,,,2.966,,,,,
2011-04-30,2011Apr,4.186,2.359,,,-0.16,3.113,,,2.97,,2.413,2.488,,2.991,1.97,2.641,4.807,,2.843,,,,,,2.966,,,,,
2011-05-31,2011May,4.245,2.359,,,-0.16,3.221,,,3.22,,2.438,2.473,,2.813,2.036,2.607,4.801,,2.726,,,,,,2.966,,,,,
2011-06-30,2011Jun,3.871,2.408,,,-0.16,3.241,,,3.22,,2.445,2.494,,2.806,2.061,2.55,4.788,,2.581,,,,,,2.966,,,,,
2011-07-31,2011Jul,3.892,2.408,,,-0.16,3.276,,,3.377,,2.57,2.494,,3.282,2.085,2.609,4.792,,2.591,,,,,,2.966,,,,,
2011-08-31,2011Aug,4.2,2.408,,,-0.16,3.252,,,3.377,,2.568,2.494,,3.28,2.124,2.621,4.785,,2.616,,,,,,2.966,,,,,
2011-09-30,2011Sep,4.265,2.541,,,2.32,3.368,,,3.686,,2.526,2.37,,2.731,2.189,2.685,4.797,,2.819,,,,,,2.966,,,,,
2011-10-31,2011Oct,4.219,2.541,,,2.32,3.354,,,3.775,,2.521,2.37,,2.716,2.237,2.681,4.8,,2.82,,,,,,2.966,,,,,
2011-11-30,2011Nov,4.261,2.541,,,2.32,3.084,,,3.775,,2.538,2.516,,2.736,2.28,2.721,4.819,,2.881,,,,,,2.966,,,,,
2011-12-31,2011Dec,4.28,2.537,,,2.32,3.1,,,3.775,,2.55,2.518,,2.779,2.397,2.726,4.819,,2.879,,,,,,2.966,,,,,
2012-01-31,2012Jan,4.28,2.333,,,2.32,3.059,,,3.75,,2.543,2.518,,3.826,2.361,2.723,4.811,,2.886,,,,,,2.966,,,,,
2012-02-29,2012Feb,4.209,2.333,,,2.32,2.926,,,3.75,,2.514,2.519,,2.82,2.315,2.705,4.776,,2.892,,,,,,2.966,,,,,
2012-03-31,2012Mar,3.791,2.052,,,2.32,2.156,,,3.821,,2.466,3.172,,2.804,2.234,2.658,4.621,,2.87,,,,,,2.966,,,,,
2012-04-30,2012Apr,3.702,2.033,,,2.27,1.818,,,3.695,,2.465,3.172,,2.843,2.133,2.646,4.591,,2.887,,,,,0.74,2.966,,,,,
2012-05-31,2012May,3.717,2.033,,,2.27,1.811,,,3.678,,2.524,2.329,,2.895,1.987,2.686,4.57,,2.949,,,,,0.739,2.966,,,,,
2012-06-30,2012Jun,3.251,2.157,,,2.27,1.471,,,3.657,,2.499,2.339,,2.961,1.977,2.643,4.541,,2.965,,,,,0.741,2.982,,,,,
2012-07-31,2012Jul,3.263,2.139,,,2.27,1.432,,,3.615,,2.516,2.339,,2.979,1.917,2.618,4.511,,2.907,,,,,0.749,2.982,,,,,
2012-08-31,2012Aug,3.043,2.028,,,2.27,1.247,,,3.609,,2.499,2.335,,2.906,1.873,2.578,4.496,,2.89,,,,,0.739,2.982,,,,,
2012-09-30,2012Sep,3.039,1.873,,,2.27,1.171,,,3.58,,2.497,2.323,,2.93,1.884,2.559,4.447,,2.869,,,,,0.728,3.01,,,,,
2012-10-31,2012Oct,3.027,1.873,,,2.27,1.047,,,3.449,,2.487,2.331,,2.952,1.878,2.533,4.433,,2.868,,,,,0.714,3.034,,,,,
2012-11-30,2012Nov,3.021,1.873,,,2.27,0.968,,,3.447,,2.48,2.331,,2.963,1.837,2.526,4.411,,2.915,,,,,0.709,3.032,,,4.301,,
2012-12-31,2012Dec,2.975,1.944,,,2.27,0.896,,,3.447,,2.518,2.352,,1.818,1.837,2.543,4.46,,2.918,,,,,0.712,3.06,,,4.301,,
2013-01-31,2013Jan,2.931,1.765,,,2.27,0.878,,,3.427,,2.507,2.348,,1.832,1.747,2.532,4.423,,2.908,,,,,0.706,3.06,,,4.301,,
2013-02-28,2013Feb,2.566,1.726,,,2.27,0.741,,,3.428,,2.451,2.356,,2.687,1.85,2.565,4.384,3.001,2.913,,,,,0.7,3.137,,,4.301,,
2013-03-31,2013Mar,2.577,1.651,,,2.27,0.642,,,3.472,,2.407,2.332,,3.317,1.783,2.512,4.346,3.001,2.873,,,,,0.702,3.15,,,4.301,,
2013-04-30,2013Apr,2.549,1.651,,,2.27,0.642,,,3.453,,2.415,2.339,,3.314,1.802,2.523,4.305,3.001,2.895,,,,,0.699,3.495,,,4.301,,
2013-05-31,2013May,2.541,1.644,,,1.25,0.699,,,3.465,,2.446,2.366,,3.445,1.823,2.544,4.306,3.001,2.945,,,,,0.699,3.61,,,2.254,,
2013-06-30,2013Jun,2.46,1.727,,,1.25,0.652,,,3.433,,2.424,2.365,,4.134,1.842,2.513,4.27,2.941,2.947,,,,,0.693,3.603,,,,,
2013-07-31,2013Jul,2.339,1.727,,,1.25,0.656,,,3.432,,2.41,2.367,,4.49,1.847,2.506,4.247,2.941,2.948,,,,,0.692,3.601,,,1.152,,
2013-08-31,2013Aug,2.367,1.701,,,1.25,0.617,,,3.631,,2.387,2.356,,4.547,1.736,2.339,4.209,2.941,2.442,,,,,0.681,2.977,,,,,
2013-09-30,2013Sep,2.464,1.837,,,1.25,0.608,,,3.633,,2.374,3.071,,4.552,1.77,2.338,4.187,2.941,2.455,,,,,0.674,2.967,,,1.152,,
2013-10-31,2013Oct,2.299,1.837,,,1.25,0.635,,,3.631,,2.389,2.37,,4.583,1.756,2.337,4.154,2.941,2.459,,,,,0.669,2.967,,,1.152,,
2013-11-30,2013Nov,2.269,1.847,,,1.25,0.612,,,3.631,,2.365,2.367,,5.741,1.783,2.305,4.136,3.009,2.39,,,,,0.674,2.957,,,1.152,,
2013-12-31,2013Dec,2.267,1.848,,,1.25,0.602,,,3.21,,2.356,2.365,,5.755,1.802,2.291,4.137,3.009,2.372,,,,,0.66,2.961,,,,,
2014-01-31,2014Jan,2.349,1.724,,,1.25,0.631,,,3.212,,2.357,2.365,,5.722,1.769,2.289,4.125,3.009,2.382,,,,,,2.948,,,,,
2014-02-28,2014Feb,2.35,1.725,,,1.25,0.63,,,2.862,,2.352,2.365,,5.726,1.793,2.285,4.111,3.009,2.382,,,,,,2.992,,,1.152,,
2014-03-31,2014Mar,2.528,1.726,,,1.04,0.541,,,2.837,,2.338,2.365,,5.924,1.813,2.301,4.074,3.009,2.487,,,,,,2.995,,,,,
2014-04-30,2014Apr,2.525,1.616,,,1.04,0.567,,,2.552,,2.325,2.391,,4.462,1.775,2.276,4.051,3.009,2.48,,,,,,2.996,,,,,
2014-05-31,2014May,2.513,1.613,,,0.994,0.58,,,0.406,,2.33,3.079,,4.463,1.748,2.232,4.024,2.938,2.533,,,,,,2.996,,,,,
2014-06-30,2014Jun,2.449,1.597,,,0.98,0.561,,,0.507,,2.261,3.027,,4.461,1.747,2.193,3.983,2.938,2.526,,,,,,2.936,,,,,
2014-07-31,2014Jul,2.45,1.597,,,0.98,0.553,,,0.439,,2.249,3.027,,4.46,1.714,2.136,3.964,2.938,2.407,,,,,,2.936,0.34,,,,
2014-08-31,2014Aug,2.443,1.591,,,0.98,0.549,,,0.437,,2.234,2.387,,4.459,1.66,2.115,3.946,2.938,2.405,,,,,,2.93,0.34,,,,
2014-09-30,2014Sep,2.174,1.562,,,0.98,0.507,,,1.972,,2.223,2.387,,4.468,1.668,2.159,3.913,2.938,2.409,,,,,,2.903,0.34,,0.533,,
2014-10-31,2014Oct,2.384,1.557,,,0.976,0.504,,,1.972,,2.247,2.387,,4.422,1.61,2.108,3.881,2.938,2.259,,,,,,2.88,0.34,,-0.23,,
2014-11-30,2014Nov,1.533,1.493,,,0.949,0.501,,,1.949,,2.277,2.387,,1.475,1.571,2.082,3.856,2.801,2.259,,,,,,2.864,2.114,,-0.23,,
2014-12-31,2014Dec,1.538,1.477,,,0.949,0.493,,,1.948,,2.275,2.387,,1.475,1.567,2.076,3.851,2.804,2.257,,,,,,2.314,1.953,,-0.23,,
2015-01-31,2015Jan,1.483,1.476,,,0.949,0.436,,,1.948,,2.261,2.387,,1.474,1.543,2.041,3.804,2.804,2.24,,,,,,2.269,1.809,,-0.23,,
2015-02-28,2015Feb,1.457,1.471,,,0.941,0.372,,,1.484,,2.185,2.387,,1.472,1.529,1.978,3.746,2.804,2.233,,,,,,2.257,1.838,,0.364,,
2015-03-31,2015Mar,1.796,1.463,,,0.876,0.276,,,1.201,,2.179,2.387,,1.472,1.5,1.894,3.685,2.804,2.065,,,,,,2.24,1.838,,0.363,,
2015-04-30,2015Apr,1.859,1.462,,,0.872,0.256,,,1.201,,2.142,2.387,,1.472,1.446,1.813,3.644,2.804,1.863,,,,,,2.219,1.838,,0.405,,
2015-05-31,2015May,1.881,1.461,,,0.872,0.268,,,1.2,,2.112,2.388,,1.462,1.432,1.772,3.609,2.676,1.865,,,,,,2.219,1.838,,0.367,,
2015-06-30,2015Jun,1.779,1.288,,,0.85,0.283,,,1.2,,2.111,2.662,,1.462,1.402,1.769,3.581,2.676,1.851,,,,,,2.012,1.833,,0.353,,
2015-07-31,2015Jul,1.815,1.288,,,0.85,0.263,,,1.115,,2.095,2.667,,1.449,1.394,1.75,3.552,2.679,1.852,,,,,,2.218,1.833,,0.268,,
2015-08-31,2015Aug,1.805,1.287,,,0.838,0.256,,,1.115,,2.095,2.667,,1.448,1.4,1.745,3.555,2.679,1.849,,,,,,2.214,1.774,,0.258,,
2015-09-30,2015Sep,1.589,1.274,,,0.838,0.211,,,1.469,,2.058,2.667,,2.767,1.395,1.733,3.525,2.681,1.846,,,,,,2.213,1.774,,0.267,,
2015-10-31,2015Oct,1.206,1.271,,,0.838,0.202,,,1.469,,2.048,2.667,,3.414,1.364,1.713,3.487,2.684,1.828,,,,,,2.218,1.774,,0.275,,
2015-11-30,2015Nov,1.519,1.27,,,0.838,0.209,,,1.469,,2.048,2.667,,2.774,1.369,1.701,3.474,2.592,1.806,,,,,,2.221,1.774,,0.274,,
2015-12-31,2015Dec,1.527,1.256,,,0.815,0.235,,,1.482,,2.048,2.667,,3.028,1.367,1.68,3.463,2.594,1.815,,,,,,2.008,1.528,,0.257,,
2016-01-31,2016Jan,1.405,1.233,,,0.815,0.199,,,1.469,,2.013,2.667,,3.029,1.354,1.653,3.422,2.594,1.826,,,,,,2.008,0.79,,0.223,,
2016-02-29,2016Feb,1.454,1.229,,,0.803,0.186,,,1.48,,2.016,2.667,,3.028,1.366,1.647,3.365,2.594,1.82,,,,,,2.015,0.778,,0.222,,
2016-03-31,2016Mar,1.342,1.218,,,0.802,0.109,,,1.493,,2.015,2.667,,2.941,1.355,1.621,3.318,2.597,1.819,,,,,,2.018,0.778,,0.221,,
2016-04-30,2016Apr,1.348,1.168,,,0.802,0.102,,,1.461,,1.995,2.667,,2.94,1.324,1.568,3.275,2.597,1.668,,,,,,2.019,1.617,,0.203,,
2016-05-31,2016May,1.347,1.155,,,0.802,0.172,,,1.46,,1.98,3.135,,2.939,1.308,1.555,3.243,2.48,1.62,,,,,,2.037,1.617,,0.202,,
2016-06-30,2016Jun,1.321,1.1,,,0.802,0.156,,,1.46,,1.975,3.135,,2.938,1.318,1.544,3.212,2.48,1.618,,,,,,2.073,1.573,,0.206,,
2016-07-31,2016Jul,1.319,1.099,,,0.802,0.18,,,1.471,,1.962,2.393,,2.742,1.309,1.524,3.177,2.483,1.589,,,,,,2.087,1.592,,0.226,,
2016-08-31,2016Aug,1.267,1.098,,,0.797,0.18,,,1.471,,1.963,2.393,,2.742,1.296,1.525,3.164,2.483,1.589,,,,,,2.091,1.564,,0.231,,
2016-09-30,2016Sep,1.28,1.115,2.493,,0.797,0.154,,,1.437,,1.946,2.393,,2.612,1.292,1.498,3.138,2.485,1.544,,,,,,2.101,1.564,,0.245,,
2016-10-31,2016Oct,1.276,1.156,2.493,,0.796,0.161,,,1.442,,1.859,2.393,,2.62,1.252,1.456,3.094,2.485,1.494,,,,,,2.109,1.647,,0.802,,
2016-11-30,2016Nov,1.304,1.155,2.493,,0.794,0.15,,,1.463,,1.847,2.393,,2.616,1.244,1.434,3.061,2.43,1.458,,,,,,2.103,1.647,,0.664,,
2016-12-31,2016Dec,1.225,1.152,2.493,,0.794,0.161,,,1.46,,1.847,2.393,,2.62,1.237,1.433,3.058,2.432,1.46,,,,,,2.108,1.647,,0.391,,
2017-01-31,2017Jan,1.231,1.154,2.493,,0.794,0.161,,,1.433,,1.845,2.393,,2.622,1.235,1.429,3.026,2.432,1.451,,,,,,2.111,1.769,,0.391,,
2017-02-28,2017Feb,1.23,1.154,2.493,,0.786,0.17,,,1.452,,1.795,2.393,,2.766,1.234,1.407,3.001,2.434,1.444,,,,,,2.112,1.92,,0.102,,
2017-03-31,2017Mar,1.232,1.15,2.493,,0.785,0.127,,,1.161,,1.793,2.393,,3.132,1.226,1.372,2.96,2.435,1.423,,,,,,2.119,1.92,,0.217,,
2017-04-30,2017Apr,1.394,1.154,2.493,,0.783,0.129,,,1.188,,1.776,2.393,,3.272,1.205,1.365,2.939,2.435,1.41,,,,,,2.125,1.92,,0.622,,
2017-05-31,2017May,1.369,1.154,2.493,,0.783,0.171,,,1.188,,1.752,2.662,,3.408,1.179,1.343,2.907,2.382,1.339,,,,,,2.127,1.92,,0.499,,
2017-06-30,2017Jun,1.232,1.092,2.493,,0.783,0.156,,,1.168,,1.74,2.662,,3.436,1.178,1.328,2.883,2.384,1.335,,,,,,2.143,1.976,,0.429,,
2017-07-31,2017Jul,1.243,1.06,2.493,,0.783,0.159,,,1.148,,1.731,2.395,,3.563,1.173,1.317,2.861,2.384,1.325,,,,,,2.124,1.769,,0.434,,
2017-08-31,2017Aug,1.282,1.06,3.3,,0.783,0.131,,,1.148,,1.731,2.395,,3.167,1.131,1.311,2.856,2.386,1.325,,,,,,2.126,1.82,,0.434,,
2017-09-30,2017Sep,1.266,1.075,3.3,,0.783,0.143,,,1.266,,1.71,2.395,,3.177,1.138,1.309,2.826,2.387,1.313,,,,,,2.129,1.612,,0.411,,
2017-10-31,2017Oct,1.257,1.068,3.3,,0.783,0.154,,,1.274,,1.709,2.395,,3.185,1.136,1.308,2.804,2.387,1.306,,,,,,2.135,1.626,,0.273,,
2017-11-30,2017Nov,1.258,1.068,3.3,,0.783,0.162,,,1.26,,1.692,2.395,,3.22,1.121,1.281,2.778,2.389,1.251,,,,,,2.122,1.626,,0.239,,
2017-12-31,2017Dec,1.273,1.058,3.3,,0.783,0.161,,,1.262,,1.693,2.395,,3.248,1.12,1.278,2.774,2.39,1.252,,,,,,2.119,1.626,,0.21,,
2018-01-31,2018Jan,1.367,1.04,3.3,,0.782,0.159,,,1.233,,1.672,2.395,,3.239,1.115,1.267,2.747,2.39,1.242,,,,,,2.158,1.623,,0.276,,
2018-02-28,2018Feb,1.366,1.025,2.4,,0.782,0.117,,,1.218,,1.6,2.387,,3.193,1.102,1.229,2.726,2.308,1.229,,,,,,2.155,1.62,,0.324,,
2018-03-31,2018Mar,1.361,0.919,2.4,,0.782,0.113,,,1.203,,1.595,2.387,,3.131,1.083,1.206,2.698,2.307,1.189,,,,,,2.155,1.62,,0.361,,
2018-04-30,2018Apr,1.366,0.919,2.4,,0.782,0.162,,,1.193,,1.585,2.387,,3.077,1.087,1.207,2.677,2.307,1.182,,,,,,2.151,1.62,,0.385,,
2018-05-31,2018May,1.385,0.923,2.4,,0.782,0.181,,,1.193,,1.589,2.387,,3.038,1.079,1.195,2.658,2.308,1.144,,,,,,2.14,1.622,,0.412,,
2018-06-30,2018Jun,1.386,1.043,2.4,,0.782,0.18,,,1.027,,1.581,2.391,,3.108,1.071,1.176,2.639,2.307,1.135,,,,,,2.135,1.609,,0.49,,
2018-07-31,2018Jul,1.383,1.043,3.329,,1.413,0.223,,,1.018,,1.563,2.391,,3.103,1.064,1.172,2.62,2.305,1.13,,,,,,2.141,1.606,,0.409,,
2018-08-31,2018Aug,1.374,1.044,3.334,,1.413,0.205,,,1.007,,1.563,2.391,,3.011,1.068,1.168,2.613,2.305,1.13,,,,,,2.128,1.605,,0.422,,
2018-09-30,2018Sep,1.376,1.032,3.334,,1.413,0.22,,,0.99,,1.548,2.391,,2.986,1.069,1.16,2.593,2.304,1.128,,,,,,2.135,1.38,,0.401,,
2018-10-31,2018Oct,1.369,1.021,3.353,,1.413,0.236,,,0.968,,1.55,2.391,,3.012,1.068,1.158,2.581,2.301,1.125,,,,,,2.134,1.372,,0.396,,
2018-11-30,2018Nov,1.37,0.972,3.353,,1.835,0.246,,,0.968,,1.542,2.391,,2.997,1.076,1.155,2.569,2.324,1.119,,,,,,2.131,1.388,,0.382,,
2018-12-31,2018Dec,1.425,0.969,3.353,,1.835,0.234,,,0.971,,1.542,2.391,,2.982,1.081,1.15,2.566,2.32,1.12,,,,,,2.131,1.391,,0.468,,
2019-01-31,2019Jan,1.383,0.947,3.353,,1.835,0.238,,4.011,0.969,,1.524,2.391,,2.926,1.081,1.142,2.545,2.32,1.119,,,,,,2.117,1.391,,0.576,,
2019-02-28,2019Feb,1.381,0.922,3.358,,1.823,0.161,,4.011,0.966,,1.526,2.391,,2.92,1.09,1.124,2.525,2.32,1.108,,,,,,2.122,1.392,,0.549,,
2019-03-31,2019Mar,1.39,0.92,3.358,,1.823,0.177,,4.011,0.945,,1.494,2.391,,2.904,1.143,1.161,2.51,2.318,1.245,,,,,,2.119,1.392,,0.545,,
2019-04-30,2019Apr,1.429,0.92,3.329,,2.476,0.237,,4.011,0.942,,1.485,2.391,,2.886,1.15,1.166,2.491,2.315,1.246,,,,,,2.12,1.397,,0.566,,
2019-05-31,2019May,1.447,0.91,3.329,,2.552,0.271,,4.011,0.937,,1.474,2.391,,2.896,1.161,1.184,2.475,2.312,1.298,,,,,,2.124,1.398,,0.544,,
2019-06-30,2019Jun,1.476,0.906,3.329,,2.552,0.285,,4.011,0.928,,1.467,2.391,,3.027,1.291,1.361,2.473,2.312,1.798,,,,,,2.138,1.401,,0.519,,
2019-07-31,2019Jul,1.479,0.906,3.329,,2.552,0.283,,4.011,0.928,,1.67,2.411,,3.09,1.347,1.426,2.456,2.312,1.791,,,,,,2.14,1.411,,0.528,,
2019-08-31,2019Aug,1.501,1.003,3.334,,2.552,0.261,,4.011,0.914,,1.67,2.411,,3.137,1.302,1.418,2.449,2.306,1.788,,,,,,2.142,1.579,,0.531,,
2019-09-30,2019Sep,1.502,0.976,3.334,,2.552,0.268,,4.011,0.93,,1.64,2.411,,3.116,1.303,1.417,2.433,2.299,1.809,,,,,,2.141,1.62,,0.525,,
2019-10-31,2019Oct,1.508,0.754,3.348,,2.552,0.281,,4.011,0.928,,1.641,2.411,,3.131,1.313,1.396,2.413,2.299,1.736,,,,,,2.14,1.62,,0.534,,
2019-11-30,2019Nov,1.507,0.754,3.348,,2.544,0.291,,4.011,0.903,,1.617,2.411,,3.17,1.306,1.386,2.391,2.292,1.738,,,,,,2.141,1.619,,0.544,,
2019-12-31,2019Dec,1.527,0.754,3.348,,2.544,0.273,,4.011,0.874,,1.617,2.411,,3.139,1.307,1.379,2.387,2.271,1.735,,,,,,2.142,1.614,,0.56,,
2020-01-31,2020Jan,1.529,0.797,3.348,,2.544,0.287,,2.889,0.868,,1.589,2.411,,2.977,1.295,1.364,2.355,2.271,1.718,,,,,,2.14,1.623,,0.612,,
2020-02-29,2020Feb,1.523,0.803,3.354,,2.544,-0.045,,3.112,0.866,,1.566,2.411,,3.048,1.248,1.298,2.319,2.263,1.71,,,,,,2.139,1.687,,0.611,,
2020-03-31,2020Mar,1.513,0.801,3.354,,2.527,-0.05,,3.112,0.865,,1.562,2.411,,2.963,1.208,1.295,2.29,2.263,1.714,,,,,,2.14,1.687,,0.582,,
2020-04-30,2020Apr,1.507,0.796,3.315,,1.811,-0.047,,3.112,0.865,,1.545,2.411,,2.961,1.196,1.286,2.25,2.263,1.706,,,,,,2.135,1.687,,0.548,,
2020-05-31,2020May,1.481,0.796,3.315,,1.098,-0.042,,4.011,0.895,,1.534,2.411,,2.944,1.198,1.288,2.21,2.263,1.667,,,,,,2.133,1.686,,0.514,,
2020-06-30,2020Jun,1.462,0.746,3.315,,1.117,-0.042,,4.011,0.845,,1.494,2.411,,3.006,1.096,1.259,2.155,2.189,1.645,,,,,,2.135,1.678,,0.505,,
2020-07-31,2020Jul,1.465,0.746,3.315,,0.994,-0.044,,4.011,0.838,,1.444,2.411,,3.303,1.078,1.235,2.12,2.189,1.639,,,,,,2.137,1.674,,0.497,,
2020-08-31,2020Aug,1.469,0.746,3.321,,1.02,-0.05,,4.011,0.837,,1.442,2.78,,3.298,1.073,1.231,2.101,2.181,1.639,,,,,,2.141,1.671,,0.488,,
2020-09-30,2020Sep,1.467,0.752,3.321,,1.009,-0.041,,4.011,0.83,,1.429,2.411,,3.282,1.187,1.223,2.072,2.181,1.64,,,,,,2.14,1.675,,0.475,,
2020-10-31,2020Oct,1.478,0.729,3.392,,0.954,-0.05,0.123,4.011,0.834,,1.422,2.411,,3.1,1.179,1.215,2.049,2.181,1.638,,,,,,2.129,1.675,,0.446,,
2020-11-30,2020Nov,1.477,0.729,3.392,,1.001,-0.051,0.123,4.011,0.817,,1.403,2.411,,3.076,1.186,1.205,2.029,2.181,1.632,,,,,,2.029,1.794,,0.425,,
2020-12-31,2020Dec,1.502,0.72,3.396,,0.994,-0.058,0.123,4.011,0.817,,1.403,2.411,,3.14,1.185,1.204,2.02,2.305,1.632,,,,,,2.022,1.789,,0.394,,
2021-01-31,2021Jan,1.502,0.711,3.396,,0.98,-0.057,0.123,4.011,0.816,,1.366,2.411,,3.117,1.177,1.188,1.984,2.294,1.626,,,,,,1.626,1.785,,0.381,,
2021-02-28,2021Feb,1.505,0.703,3.402,,0.999,-0.079,0.123,4.011,0.997,,1.348,2.411,,3.127,1.174,1.185,1.943,2.294,1.6,,,,,,1.614,1.783,,0.373,,
2021-03-31,2021Mar,1.505,0.716,3.402,,1.528,-0.08,0.123,4.011,0.988,,1.332,2.411,,3.136,1.187,1.174,1.903,2.294,1.59,,,,,,1.606,1.783,,0.362,,
2021-04-30,2021Apr,1.491,0.759,3.361,,0.884,-0.087,0.123,4.011,0.985,,1.308,2.411,,3.095,1.175,1.162,1.859,2.282,1.582,,,,,,1.122,1.783,,0.353,,
2021-05-31,2021May,1.502,0.74,3.361,,0.899,-0.084,0.123,4.011,0.79,,1.268,2.411,,3.067,0.674,0.689,1.796,2.282,0.229,,,,,,0.912,1.782,,0.332,,
2021-06-30,2021Jun,1.506,0.689,3.376,,0.889,-0.085,0.123,4.011,0.789,,1.244,2.411,,3.02,0.655,0.667,1.759,1.991,0.2,,,,,,0.567,1.765,,0.335,,
2021-07-31,2021Jul,1.507,0.685,3.376,,0.854,-0.096,0.123,4.011,0.785,0,1.24,2.417,,3.056,0.655,0.663,1.722,1.991,0.2,,,,,,0.558,1.761,,0.338,,
2021-08-31,2021Aug,1.497,0.685,3.383,,0.85,-0.254,0.123,4.011,0.798,0,1.229,2.827,,3.073,1.157,1.117,1.742,1.979,1.596,,,,,,0.56,1.758,,0.349,,
2021-09-30,2021Sep,1.497,0.71,3.383,,0.842,-0.252,0.123,4.011,0.796,0,1.214,2.827,,3.136,1.107,1.119,1.713,1.979,1.614,,,,,,0.553,1.758,,0.357,,
2021-10-31,2021Oct,1.5,0.709,3.362,,0.825,-0.115,0.123,4.011,0.785,0.087,1.195,2.417,,3.276,1.101,1.113,1.652,1.965,1.605,,,,,,0.552,1.758,,0.363,,
2021-11-30,2021Nov,1.518,0.709,3.362,,0.862,-0.113,0.123,4.011,0.813,0.077,1.184,2.417,,3.307,1.108,1.108,1.615,1.965,1.603,,,,,,0.549,1.758,,0.376,,
2021-12-31,2021Dec,1.519,0.708,3.362,,0.839,-0.115,0.123,4.011,0.808,0.077,1.195,2.415,,3.402,1.109,1.109,1.597,1.966,1.603,,,,,,0.547,1.748,,0.405,,
2022-01-31,2022Jan,1.48,0.704,3.362,,0.835,-0.126,0.123,4.011,0.808,0.077,1.172,2.415,,3.617,1.101,1.101,1.6,1.95,1.603,,,,,,0.542,1.74,,0.36,,
2022-02-28,2022Feb,1.48,0.704,3.368,,0.858,-0.116,0.123,4.011,0.807,0.124,1.136,2.827,,3.767,1.083,1.08,1.565,1.955,1.57,,,,,,0.539,1.586,,0.403,,
2022-03-31,2022Mar,1.383,0.681,3.388,,0.829,-0.118,0.123,4.011,0.814,0.124,1.12,2.827,,3.76,1.08,1.079,1.575,1.955,1.586,,,,,,0.568,1.497,,0.413,,
2022-04-30,2022Apr,1.388,0.681,3.341,,2.005,-0.089,0.123,4.011,0.811,0.124,1.106,2.827,,4.672,1.074,1.073,1.548,1.936,1.581,,,,,,0.581,1.497,,0.487,,
2022-05-31,2022May,1.551,0.68,2.276,,2.603,-0.096,0.123,4.011,0.816,0.246,1.09,2.825,,5.08,1.079,1.079,1.58,1.936,1.641,,,,,,1.884,1.425,,0.573,,
2022-06-30,2022Jun,1.565,0.724,-0.05,,2.656,-0.073,0.123,4.011,0.816,0.503,1.061,2.826,,5.154,1.073,1.073,1.566,1.887,1.645,,,,,,1.89,1.419,,0.669,,
2022-07-31,2022Jul,1.561,0.745,-0.05,,2.688,0.005,0.123,4.011,0.815,0.494,1.017,2.261,,5.67,1.071,1.071,1.594,1.887,1.643,,,,,,1.905,1.295,,0.837,,
2022-08-31,2022Aug,1.561,0.745,-0.05,,2.688,0.056,0.123,3.966,0.814,0.797,1.026,2.709,,6.135,1.083,1.082,1.583,1.887,1.643,,,,,,1.915,1.294,,1.075,,
2022-09-30,2022Sep,1.57,0.697,-0.05,,2.67,0.107,,3.966,0.815,1.586,1.018,2.7,,6.195,1.107,1.107,1.618,1.857,1.693,,,,,,1.917,1.294,,1.265,,
2022-10-31,2022Oct,2.038,0.683,-0.05,,2.009,0.29,,3.966,0.816,1.075,1.009,2.7,,7.475,1.131,1.132,1.607,1.857,1.683,,,,,,1.937,1.294,,1.592,,
2022-11-30,2022Nov,2.056,0.67,-0.05,,3.044,0.373,0.002,3.886,0.919,1.565,1.008,3.169,,9.49,1.163,1.163,1.637,1.82,1.698,,,,,,1.919,1.276,,1.914,,
2022-12-31,2022Dec,2.157,0.561,-0.05,,3.044,0.442,0.002,3.886,0.924,1.391,1.009,3.169,,9.685,1.181,1.173,1.644,2.413,1.698,,,,,,1.918,1.088,,2.082,,
2023-01-31,2023Jan,2.599,0.589,,,3.044,0.551,0.002,3.886,0.925,1.581,1.007,3.169,,10.679,,1.188,1.674,2.413,1.685,,,,,,1.99,1.464,,2.29,,
2023-02-28,2023Feb,2.715,0.589,,,2.942,0.651,0.002,3.886,1.059,2.172,0.996,3.725,,11.295,,1.213,1.708,2.315,1.672,,,,,,2.005,1.502,,2.446,,
2023-03-31,2023Mar,2.772,0.618,,,3.62,0.788,0.002,4.011,1.064,2.346,0.979,3.185,,12.135,,1.255,1.76,2.172,1.737,,,,,,2.13,1.502,,2.669,,
2023-04-30,2023Apr,2.831,0.767,,,6.745,0.88,0.002,4.011,0.897,2.346,0.971,3.185,,12.263,,1.281,1.808,2.177,1.865,,,,,,5.768,1.502,,2.946,,
2023-05-31,2023May,2.851,0.782,,,7.214,0.935,0.002,4.011,0.896,2.691,0.959,3.185,,12.515,,1.29,1.827,1.949,1.88,,,,,,6.476,1.502,,3.009,,
2023-06-30,2023Jun,3.377,0.909,,,4.036,0.99,0.002,4.011,1.344,2.936,0.952,3.725,,12.77,,1.356,1.869,2.568,1.873,,,,,,7.716,1.609,,3.349,,
2023-07-31,2023Jul,3.425,0.909,,,4.036,1.064,0.002,4.011,1.343,2.936,0.869,3.795,,12.701,,1.346,1.893,2.568,1.854,,,,,,7.743,2.989,,3.476,,
2023-08-31,2023Aug,3.53,0.909,,,4.158,1.12,0.002,4.011,1.408,3.296,0.877,3.795,,12.721,,1.369,1.92,2.568,1.854,,,,,,7.747,3.131,,3.663,,
2023-09-30,2023Sep,3.545,1.068,,,4.254,1.137,0.002,3.692,1.513,3.402,0.862,4.143,,12.879,,1.243,1.925,3.36,1.427,,,,,,7.758,3.131,,3.924,0.825,
2023-10-31,2023Oct,3.607,0.789,,,7.082,1.153,0.002,3.731,1.069,3.402,0.853,4.143,,12.665,,1.172,1.962,3.36,1.452,,,,,,7.766,3.131,,3.994,0.825,
2023-11-30,2023Nov,3.613,0.789,,,4.361,1.094,0.01,4.011,1.114,3.587,0.844,4.143,,12.418,,1.184,1.984,3.36,1.508,,,,,,7.785,3.143,,4.086,0.825,
2023-12-31,2023Dec,3.783,0.792,,,4.361,1.114,0.01,4.011,1.11,3.649,0.84,4.332,,12.24,,1.19,1.997,4.194,1.511,,,,,,7.794,3.204,,4.185,0.825,
